VOLODYA;52.398.600.999
Верховный отец;52.398.600.999
Вальден.;52.398.600.999
~Ангелочек~;52.398.600.999
~ Viktorius ~;52.398.600.999
Тасманский Дьявол;52.398.600.999
UndeadSliver;52.398.600.999
~Sada~;52.398.600.999
=Rottweiler=;52.398.600.999
Лёнька_Пантелеев;52.398.600.999
Py6a4ok;52.398.600.999
~Arton~;52.398.600.999
-=К.оВ.А.л=-;52.398.600.999
friendly);52.398.600.999
~~Петрович~~;52.398.600.999
loger;52.398.600.999
(((KoBA)));52.398.600.999
- uncle Tom -;52.398.600.999
посшибаем_хрюк;52.398.600.999
гроза_ворот;52.398.600.999
Верховный судья;52.398.600.999
Chemodan33;52.398.600.999
=Ренат Раисович=;52.398.600.999
К0ЛЯН;52.398.600.990
Уставший путник;52.398.600.950
Тимка_Гангстер;52.398.600.741
Етицкая Богомышь;52.398.600.557
B_A_R_S;52.387.156.186
hotabi4;51.839.380.601
Krisss;46.751.438.033
~Leviathan~;40.339.606.463
боб56;38.245.209.607
Stereo God;32.439.496.137
*Vredinka*;28.312.874.863
~Viktor~;28.217.406.969
A L A N I A;26.070.238.403
ДзеНЪ;23.341.886.783
RedMur;22.355.634.018
__борзой__;21.663.602.707
Карат;20.105.320.189
Timasik20 10;17.300.947.562
Akut;17.208.132.944
Рокуби;16.162.258.341
Dimas 1996;15.758.091.267
*ЛорД*;15.688.840.606
Makadik;12.213.376.213
Norman Cook;12.066.174.166
Дединсайд;10.063.083.168
8flock8;9.465.243.953
Крэйн__;6.185.909.510
-Добродушный Маньяк-;5.312.630.713
Уэлч;1.857.822.304
Игрок-в-ботву;1.614.247.298
~(((Юлёля)))~;1.563.179.573
Миссис Ярка;1.146.501.601
Lina2019;303.312.265
TLW;48.856.631
kla1mon;9.420.391
babyShark;1.107.932
