;;;;;скрин;;;;;
Jateed;1224;;;1104;120;;;;Jateed;1224
Kerberos;1055;;;1025;30;;;;Kerberos;1055
danilRoman;936;;;824;112;;;;danilRoman;936
DambLDoR;638;;;571;67;;;;DambLDoR;638
PROexpert;587;;;559;28;;;;PROexpert;587
T@nk;532;;;492;40;;;;**SUPERHelen**;564
**SUPERHelen**;564;;;484;80;;;;T@nk;532
Бродвей;529;;;471;58;;;;Бродвей;529
бешка-бебешка_;518;;;457;61;;;;бешка-бебешка_;518
Bravan;456;;;416;40;;;;zabu;463
Fon Dorf;435;;;412;23;;;;Bravan;456
zabu;463;;;393;70;;;;Fon Dorf;435
*Милка;341;;;320;21;;;;*Милка;341
-=VeTeRoK=-;286;;;268;18;;;;-=VeTeRoK=-;286
GoldGirl.;246;;;246;;;;;Катберт;251
Катберт;251;;;231;20;;;;GoldGirl.;246
*Kronos*;235;;;223;12;;;;Зверь Это Я;239
Зверь Это Я;239;;;219;20;;;;К@манчик;239
ASCENDANT;231;;;218;13;;;;*Kronos*;235
К@манчик;239;;;216;23;;;;Макыс;234
walmau 6altau;213;;;202;11;;;;ASCENDANT;231
Макыс;234;;;198;36;;;;Ice flame;221
Ice flame;221;;;197;24;;;;NeXTY;216
dodid;184;;;184;;;;;walmau 6altau;213
NeXTY;216;;;176;40;;;;dodid;184
~Мальвина~;174;;;160;14;;;;~Мальвина~;174
d_MIX_b;164;;;146;18;;;;d_MIX_b;164
~Бармалей~;138;;;138;;;;;Pyrojok;146
Pyrojok;146;;;135;11;;;;Ruslan);139
Ruslan);139;;;125;14;;;;~Бармалей~;138
Mental1tet;99;;;99;;;;;Матюслик;104
Матюслик;104;;;85;19;;;;Mental1tet;99
StasLz42;93;;;76;17;;;;StasLz42;93
-Brain-;81;;;71;10;;;;-Brain-;81
Димсонхрендель;70;;;70;;;;;-Белый-;74
*МАРТИНА*;67;;;67;;;;;Димсонхрендель;70
IluXxxXa1989;57;;;57;;;;;*МАРТИНА*;67
~Цветанка~;56;;;56;;;;;barantya;67
метрономикс;62;;;51;11;;;;метрономикс;62
-Белый-;74;;;50;24;;;;AYEC;61
THE MECHANIC;47;;;47;;;;;IluXxxXa1989;57
barantya;67;;;46;21;;;;~Цветанка~;56
AYEC;61;;;45;16;;;;THE MECHANIC;47
Chokkolatta;32;;;32;;;;;:Сотофа Ханемер:;38
Ragnar Lodbrok;32;;;32;;;;;Chokkolatta;32
BarDuck;26;;;26;;;;;Ragnar Lodbrok;32
:Сотофа Ханемер:;38;;;26;12;;;;BarDuck;26
То4е4ка;17;;;17;;;;;То4е4ка;17
Alpharius;16;;;16;;;;;Alpharius;16
Jah Mason;15;;;15;;;;;Jah Mason;15
Sollia;14;;;14;;;;;Sollia;14
~КоВбоЙ ХаГиС~;13;;;13;;;;;~КоВбоЙ ХаГиС~;13
DYNA;13;;;13;;;;;DYNA;13
DomInatoR.;13;;;13;;;;;DomInatoR.;13
=ЛюЛюНдРа=;11;;;11;;;;;=ЛюЛюНдРа=;11
_Фея Лана_;9;;;9;;;;;_Фея Лана_;9
DIMolition;8;;;8;;;;;DIMolition;8
