Катберт;301
Тудор;505
DambLDoR;1082
Kerberos;980
Бродвей;908
**SUPERHelen**;861
ЛюЛюНдРа=;64
*Милка;697
StasLz42;630
T@nk;414
бешка-бебешка_;575
Ruslan);234
~Бармалей~;302
Ice flame;332
danilRoman;280
IluXxxXa1989;294
ASCENDANT;152
NeXTY;238
Fon Dorf;264
Bravan;261
GoldGirl.;174
Mental1tet;124
*Kronos*;160
BarDuck;56
Зверь Это Я;203
Матюслик;57
walmau 6altau;110
Jateed;48
Pyrojok;108
Bape}||{ka;42
Ragnar Lodbrok;83
-Brain-;128
Макыс;128
К@манчик;133
метрономикс;91
~Цветанка~;59
=ЛюЛюНдРа=;55
dodid;71
Димсонхрендель;77
*МАРТИНА*;62
DYNA;18
DomInatoR.;51
Kseya;47
barantya;39
:Сотофа Ханемер:;21
DIMolition;32
d_MIX_b;48
Alpharius;11
То4е4ка;16
Jah Mason;15
Sollia;20
Очень синяя борода;18
THE MECHANIC;15
zabu;1
~Мальвина~;12
_Фея Лана_;1
AYEC;4
Chokkolatta;3
