Рогатая гвардия [r31];https://g1.botva.ru/clan_members.php?id=21148
*МАРТИНА*;52.398.600.999
**SUPERHelen**;52.398.600.999
=ЛюЛюНдРа=;52.398.600.999
Ice flame;52.398.600.999
Bravan;52.398.600.999
dodid;52.398.600.999
~Цветанка~;52.398.600.999
ANTONanarivo;52.398.600.999
То4е4ка;52.398.600.999
ASCENDANT;52.398.600.999
Sollia;52.398.600.999
_Фея Лана_;52.398.600.999
T@nk;52.398.600.999
Катберт;52.398.600.999
Бродвей;52.398.600.999
Jah Mason;52.398.600.999
Ласт Перейро;52.398.600.999
Задумавшийся;52.398.600.999
~Мальвина~;52.398.600.999
~КоВбоЙ ХаГиС~;52.398.600.999
DomInatoR.;52.398.600.999
Зверь Это Я;52.398.600.999
Fon Dorf;52.398.600.999
Ruslan);52.398.600.999
DambLDoR;52.398.600.999
Димсонхрендель;52.398.600.999
бешка-бебешка_;52.398.600.999
Mental1tet;52.398.600.999
danilRoman;52.398.600.999
~Бармалей~;52.398.600.999
walmau 6altau;52.398.600.999
*Милка;52.398.600.999
Ragnar Lodbrok;52.398.600.995
DIMolition;52.398.600.993
AYEC;52.398.600.990
GoldGirl.;52.398.600.981
Jateed;52.315.910.297
zabu;52.177.786.272
Chokkolatta;51.051.936.095
Очень синяя борода;47.678.126.997
Матюслик;45.480.965.903
barantya;45.356.389.992
:Сотофа Ханемер:;42.174.485.534
*Kronos*;40.508.826.194
BarDuck;39.052.748.484
~DROSSEL~;34.785.721.200
StasLz42;33.154.948.573
DYNA;31.181.131.829
К@манчик;25.872.407.621
-Brain-;21.531.454.051
d_MIX_b;19.309.007.641
Knowhere;14.303.906.965
Katolik;13.668.484.014
Pyrojok;6.780.948.530
NeXTY;6.130.736.187
Макыс;3.884.940.740
метрономикс;2.741.721.591
THE MECHANIC;2.656.310.147
Kerberos;2.489.911.644
IluXxxXa1989;211.459.358
